{
  "description": "项目配置文件",
  "packOptions": {
    "ignore": []
  },
  "setting": {
    "urlCheck": false,
    "es6": true,
    "enhance": false,
    "postcss": true,
    "preloadBackgroundData": false,
    "minified": true,
    "newFeature": true,
    "coverView": true,
    "nodeModules": false,
    "autoAudits": false,
    "showShadowRootInWxmlPanel": true,
    "scopeDataCheck": false,
    "uglifyFileName": false,
    "checkInvalidKey": true,
    "checkSiteMap": true,
    "uploadWithSourceMap": true,
    "compileHotReLoad": false,
    "lazyloadPlaceholderEnable": false,
    "useMultiFrameRuntime": true,
    "useApiHook": true,
    "useApiHostProcess": true,
    "babelSetting": {
      "ignore": [],
      "disablePlugins": [],
      "outputPath": ""
    },
    "enableEngineNative": false,
    "useIsolateContext": true,
    "userConfirmedBundleSwitch": false,
    "packNpmManually": false,
    "packNpmRelationList": [],
    "minifyWXSS": true,
    "showES6CompileOption": false
  },
  "compileType": "miniprogram",
  "libVersion": "2.15.0",
  "appid": "wxb8a3bcbb4b4bf82b",
  "projectname": "%E4%BB%BF%E5%96%9C%E9%A9%AC%E6%8B%89%E9%9B%85lite",
  "debugOptions": {
    "hidedInDevtools": []
  },
  "isGameTourist": false,
  "simulatorType": "wechat",
  "simulatorPluginLibVersion": {},
  "condition": {
    "search": {
      "list": []
    },
    "conversation": {
      "list": []
    },
    "plugin": {
      "list": []
    },
    "game": {
      "currentL": -1,
      "list": []
    },
    "gamePlugin": {
      "list": []
    },
    "miniprogram": {
      "list": [
        {
          "id": -1,
          "name": "收藏页",
          "pathName": "pages/collection/collection",
          "query": "",
          "scene": null
        },
        {
          "id": -1,
          "name": "分类页",
          "pathName": "pages/classification/classification",
          "query": "",
          "scene": null
        },
        {
          "id": -1,
          "name": "榜单页",
          "pathName": "pages/index/bangdan/bangdan",
          "query": "",
          "scene": null
        },
        {
          "id": -1,
          "name": "user",
          "pathName": "pages/user/user",
          "query": "",
          "scene": null
        },
        {
          "id": -1,
          "name": "details",
          "pathName": "pages/details/details",
          "query": "",
          "scene": null
        },
        {
          "id": -1,
          "name": "phoneLogin",
          "pathName": "pages/user/phoneLogin/phoneLogin",
          "query": "",
          "scene": null
        },
        {
          "id": -1,
          "name": "搜索页",
          "pathName": "pages/search/search",
          "scene": null
        }
      ]
    }
  }
}